X;Y;refX;refY;path;refPath;deltaX;deltaY;deltaX%;deltaY%
129;370;119;381;0;0;10;11;1;1
129;370;119;381;0;0;10;11;1;1
129;370;119;381;0;0;10;11;1;1
129;370;119;381;0;0;10;11;1;1
114;368;119;381;15;0;5;13;0;2
114;368;106;381;15;13;8;13;1;2
114;368;106;381;15;13;8;13;1;2
114;368;106;381;15;13;8;13;1;2
114;368;106;381;15;13;8;13;1;2
114;368;106;381;15;13;8;13;1;2
114;368;106;381;15;13;8;13;1;2
114;368;106;381;15;13;8;13;1;2
114;368;106;381;15;13;8;13;1;2
114;368;106;381;15;13;8;13;1;2
114;368;106;381;15;13;8;13;1;2
114;368;106;381;15;13;8;13;1;2
114;368;106;381;15;13;8;13;1;2
114;368;106;381;15;13;8;13;1;2
114;368;106;381;15;13;8;13;1;2
114;368;106;381;15;13;8;13;1;2
114;368;106;380;15;14;8;12;1;2
114;368;106;380;15;14;8;12;1;2
114;368;106;380;15;14;8;12;1;2
114;368;106;380;15;14;8;12;1;2
114;368;106;380;15;14;8;12;1;2
114;368;111;380;15;19;3;12;0;2
114;368;111;380;15;19;3;12;0;2
114;368;111;380;15;19;3;12;0;2
114;368;111;380;15;19;3;12;0;2
114;368;111;380;15;19;3;12;0;2
114;368;111;380;15;19;3;12;0;2
114;368;111;380;15;19;3;12;0;2
114;368;111;380;15;19;3;12;0;2
114;368;111;380;15;19;3;12;0;2
114;368;111;380;15;19;3;12;0;2
114;368;111;380;15;19;3;12;0;2
114;368;111;380;15;19;3;12;0;2
114;368;111;380;15;19;3;12;0;2
114;368;111;380;15;19;3;12;0;2
114;368;111;380;15;19;3;12;0;2
114;368;111;380;15;19;3;12;0;2
114;368;111;380;15;19;3;12;0;2
114;368;111;380;15;19;3;12;0;2
114;368;111;380;15;19;3;12;0;2
151;357;111;380;54;19;40;23;5;3
151;357;167;381;54;75;16;24;2;4
151;357;167;381;54;75;16;24;2;4
151;357;167;381;54;75;16;24;2;4
151;357;167;381;54;75;16;24;2;4
151;357;167;381;54;75;16;24;2;4
151;357;289;289;54;228;138;68;17;11
151;357;289;289;54;228;138;68;17;11
151;357;289;289;54;228;138;68;17;11
151;357;289;289;54;228;138;68;17;11
365;231;289;289;302;228;76;58;9;10
365;231;372;259;302;316;7;28;0;4
365;231;372;259;302;316;7;28;0;4
365;231;372;259;302;316;7;28;0;4
365;231;372;259;302;316;7;28;0;4
440;198;372;259;384;316;68;61;8;10
440;198;377;257;384;321;63;59;8;10
440;198;377;257;384;321;63;59;8;10
440;198;377;257;384;321;63;59;8;10
440;198;377;257;384;321;63;59;8;10
440;198;377;257;384;321;63;59;8;10
440;198;375;239;384;339;65;41;8;7
440;198;375;239;384;339;65;41;8;7
440;198;375;239;384;339;65;41;8;7
440;198;375;239;384;339;65;41;8;7
440;182;375;239;400;339;65;57;8;9
440;182;371;234;400;345;69;52;8;9
440;182;371;234;400;345;69;52;8;9
440;182;371;234;400;345;69;52;8;9
440;182;371;234;400;345;69;52;8;9
440;182;371;234;400;345;69;52;8;9
440;182;396;234;400;370;44;52;5;9
440;182;396;234;400;370;44;52;5;9
440;182;396;234;400;370;44;52;5;9
440;182;396;234;400;370;44;52;5;9
440;182;396;234;400;370;44;52;5;9
440;182;413;218;400;393;27;36;3;6
440;182;413;218;400;393;27;36;3;6
440;182;413;218;400;393;27;36;3;6
440;182;413;218;400;393;27;36;3;6
449;161;413;218;423;393;36;57;4;9
449;161;436;194;423;426;13;33;1;5
449;161;436;194;423;426;13;33;1;5
449;161;436;194;423;426;13;33;1;5
449;161;436;194;423;426;13;33;1;5
464;155;436;194;439;426;28;39;3;6
464;155;452;194;439;442;12;39;1;6
464;155;452;194;439;442;12;39;1;6
464;155;452;194;439;442;12;39;1;6
464;155;452;194;439;442;12;39;1;6
464;155;452;194;439;442;12;39;1;6
464;155;452;194;439;442;12;39;1;6
464;155;452;194;439;442;12;39;1;6
464;155;452;194;439;442;12;39;1;6
464;155;452;194;439;442;12;39;1;6
464;155;452;194;439;442;12;39;1;6
464;155;470;191;439;460;6;36;0;6
464;155;470;191;439;460;6;36;0;6
464;155;470;191;439;460;6;36;0;6
464;155;470;191;439;460;6;36;0;6
464;155;470;191;439;460;6;36;0;6
464;155;470;191;439;460;6;36;0;6
464;155;470;191;439;460;6;36;0;6
464;155;470;191;439;460;6;36;0;6
464;155;470;191;439;460;6;36;0;6
464;155;470;191;439;460;6;36;0;6
464;155;483;199;439;475;19;44;2;7
464;155;483;199;439;475;19;44;2;7
464;155;483;199;439;475;19;44;2;7
464;155;483;199;439;475;19;44;2;7
464;155;483;199;439;475;19;44;2;7
464;155;491;210;439;489;27;55;3;9
464;155;491;210;439;489;27;55;3;9
464;155;491;210;439;489;27;55;3;9
464;155;491;210;439;489;27;55;3;9
464;155;491;210;439;489;27;55;3;9
464;155;460;184;439;529;4;29;0;5
464;155;460;184;439;529;4;29;0;5
450;159;460;184;454;529;10;25;1;4
450;159;460;184;454;529;10;25;1;4
450;159;460;184;454;529;10;25;1;4
450;159;454;180;454;536;4;21;0;3
450;159;454;180;454;536;4;21;0;3
450;159;454;180;454;536;4;21;0;3
450;159;454;180;454;536;4;21;0;3
450;159;454;180;454;536;4;21;0;3
450;159;454;173;454;543;4;14;0;2
450;159;454;173;454;543;4;14;0;2
450;159;454;173;454;543;4;14;0;2
450;159;454;173;454;543;4;14;0;2
450;159;454;173;454;543;4;14;0;2
450;159;459;174;454;548;9;15;1;2
450;159;459;174;454;548;9;15;1;2
450;159;459;174;454;548;9;15;1;2
450;159;459;174;454;548;9;15;1;2
450;159;459;174;454;548;9;15;1;2
450;159;465;174;454;554;15;15;1;2
450;159;465;174;454;554;15;15;1;2
450;159;465;174;454;554;15;15;1;2
450;159;465;174;454;554;15;15;1;2
443;178;465;174;474;554;22;4;2;0
443;178;467;174;474;556;24;4;3;0
443;178;467;174;474;556;24;4;3;0
443;178;467;174;474;556;24;4;3;0
443;178;467;174;474;556;24;4;3;0
471;166;467;174;504;556;4;8;0;1
471;166;498;179;504;587;27;13;3;2
471;166;498;179;504;587;27;13;3;2
471;166;498;179;504;587;27;13;3;2
471;166;498;179;504;587;27;13;3;2
471;166;498;179;504;587;27;13;3;2
471;166;498;179;504;587;27;13;3;2
471;166;498;179;504;587;27;13;3;2
471;166;498;179;504;587;27;13;3;2
471;166;498;179;504;587;27;13;3;2
471;166;498;179;504;587;27;13;3;2
471;166;498;179;504;587;27;13;3;2
471;166;498;179;504;587;27;13;3;2
471;166;498;179;504;587;27;13;3;2
471;166;498;179;504;587;27;13;3;2
476;192;498;179;530;587;22;13;2;2
476;192;469;210;530;629;7;18;0;3
476;192;469;210;530;629;7;18;0;3
507;213;469;210;567;629;38;3;4;0
482;205;469;210;593;629;13;5;1;0
462;205;469;210;613;629;7;5;0;0
462;205;453;222;613;649;9;17;1;2
462;205;453;222;613;649;9;17;1;2
462;205;453;222;613;649;9;17;1;2
462;205;453;222;613;649;9;17;1;2
462;205;453;222;613;649;9;17;1;2
462;205;442;210;613;665;20;5;2;0
462;205;442;210;613;665;20;5;2;0
462;205;442;210;613;665;20;5;2;0
462;205;442;210;613;665;20;5;2;0
462;205;442;210;613;665;20;5;2;0
462;205;442;210;613;665;20;5;2;0
462;205;442;210;613;665;20;5;2;0
462;205;442;210;613;665;20;5;2;0
462;205;442;210;613;665;20;5;2;0
462;205;442;210;613;665;20;5;2;0
462;205;442;214;613;669;20;9;2;1
462;205;442;214;613;669;20;9;2;1
462;205;442;214;613;669;20;9;2;1
462;205;442;214;613;669;20;9;2;1
462;205;442;214;613;669;20;9;2;1
462;205;442;212;613;671;20;7;2;1
462;205;442;212;613;671;20;7;2;1
462;205;442;212;613;671;20;7;2;1
462;205;442;212;613;671;20;7;2;1
462;205;442;212;613;671;20;7;2;1
462;205;442;212;613;671;20;7;2;1
462;205;442;212;613;671;20;7;2;1
462;205;442;212;613;671;20;7;2;1
462;205;442;212;613;671;20;7;2;1
462;205;442;212;613;671;20;7;2;1
462;205;442;205;613;678;20;0;2;0
462;205;442;205;613;678;20;0;2;0
462;205;442;205;613;678;20;0;2;0
462;205;442;205;613;678;20;0;2;0
462;205;442;205;613;678;20;0;2;0
462;205;442;197;613;686;20;8;2;1
462;205;442;197;613;686;20;8;2;1
462;205;442;197;613;686;20;8;2;1
462;205;442;197;613;686;20;8;2;1
462;205;442;197;613;686;20;8;2;1
462;205;447;197;613;691;15;8;1;1
462;205;447;197;613;691;15;8;1;1
462;205;447;197;613;691;15;8;1;1
462;205;447;197;613;691;15;8;1;1
462;205;447;197;613;691;15;8;1;1
462;205;447;197;613;691;15;8;1;1
462;205;447;197;613;691;15;8;1;1
462;205;447;197;613;691;15;8;1;1
462;205;447;197;613;691;15;8;1;1
462;205;447;197;613;691;15;8;1;1
462;205;447;197;613;691;15;8;1;1
462;205;447;197;613;691;15;8;1;1
462;205;447;197;613;691;15;8;1;1
462;205;447;197;613;691;15;8;1;1
462;205;447;197;613;691;15;8;1;1
462;205;450;201;613;696;12;4;1;0
462;205;450;201;613;696;12;4;1;0
462;205;450;201;613;696;12;4;1;0
462;205;450;201;613;696;12;4;1;0
462;205;450;201;613;696;12;4;1;0
462;205;450;201;613;696;12;4;1;0
462;205;450;201;613;696;12;4;1;0
462;205;450;201;613;696;12;4;1;0
462;205;450;201;613;696;12;4;1;0
462;205;450;201;613;696;12;4;1;0
462;205;450;213;613;708;12;8;1;1
462;205;450;213;613;708;12;8;1;1
462;205;450;213;613;708;12;8;1;1
462;205;450;213;613;708;12;8;1;1
462;205;450;213;613;708;12;8;1;1
462;205;450;219;613;714;12;14;1;2
462;205;450;219;613;714;12;14;1;2
462;205;450;219;613;714;12;14;1;2
462;205;450;219;613;714;12;14;1;2
477;215;450;219;631;714;27;4;3;0
464;204;442;198;648;736;22;6;2;1
464;204;442;198;648;736;22;6;2;1
464;204;442;198;648;736;22;6;2;1
482;219;442;198;671;736;40;21;5;3
466;204;442;198;693;736;24;6;3;1
466;204;442;198;693;736;24;6;3;1
466;204;442;198;693;736;24;6;3;1
466;204;442;198;693;736;24;6;3;1
466;204;442;198;693;736;24;6;3;1
466;204;442;198;693;736;24;6;3;1
466;204;442;198;693;736;24;6;3;1
466;204;442;198;693;736;24;6;3;1
466;204;442;198;693;736;24;6;3;1
466;204;442;198;693;736;24;6;3;1
466;204;442;198;693;736;24;6;3;1
466;204;442;198;693;736;24;6;3;1
466;204;442;198;693;736;24;6;3;1
466;204;442;198;693;736;24;6;3;1
479;212;442;198;708;736;37;14;4;2
462;197;442;198;731;736;20;1;2;0
462;197;442;198;731;736;20;1;2;0
462;197;442;198;731;736;20;1;2;0
462;197;442;198;731;736;20;1;2;0
462;197;442;198;731;736;20;1;2;0
462;197;442;198;731;736;20;1;2;0
462;197;442;198;731;736;20;1;2;0
462;197;442;198;731;736;20;1;2;0
462;197;442;198;731;736;20;1;2;0
462;197;442;198;731;736;20;1;2;0
478;210;442;198;752;736;36;12;4;2
478;210;442;194;752;740;36;16;4;2
478;210;442;194;752;740;36;16;4;2
478;210;442;194;752;740;36;16;4;2
478;210;442;194;752;740;36;16;4;2
478;210;442;194;752;740;36;16;4;2
478;210;451;206;752;755;27;4;3;0
478;210;451;206;752;755;27;4;3;0
478;210;451;206;752;755;27;4;3;0
478;210;451;206;752;755;27;4;3;0
460;219;451;206;772;755;9;13;1;2
460;219;451;220;772;769;9;1;1;0
460;219;451;220;772;769;9;1;1;0
460;219;451;220;772;769;9;1;1;0
460;219;451;220;772;769;9;1;1;0
460;219;451;220;772;769;9;1;1;0
460;219;451;220;772;769;9;1;1;0
460;219;451;220;772;769;9;1;1;0
460;219;451;220;772;769;9;1;1;0
460;219;451;220;772;769;9;1;1;0
460;219;451;220;772;769;9;1;1;0
460;219;446;220;772;774;14;1;1;0
460;219;446;220;772;774;14;1;1;0
460;219;446;220;772;774;14;1;1;0
460;219;446;220;772;774;14;1;1;0
460;219;446;220;772;774;14;1;1;0
460;219;446;200;772;794;14;19;1;3
460;219;446;200;772;794;14;19;1;3
460;219;446;200;772;794;14;19;1;3
460;219;446;200;772;794;14;19;1;3
460;219;446;200;772;794;14;19;1;3
460;219;432;201;772;808;28;18;3;3
460;219;432;201;772;808;28;18;3;3
460;219;432;201;772;808;28;18;3;3
460;219;432;201;772;808;28;18;3;3
478;216;432;201;790;808;46;15;5;2
478;216;466;217;790;846;12;1;1;0
478;216;466;217;790;846;12;1;1;0
478;216;466;217;790;846;12;1;1;0
478;216;466;217;790;846;12;1;1;0
487;198;466;217;810;846;21;19;2;3
487;198;491;202;810;875;4;4;0;0
487;198;491;202;810;875;4;4;0;0
487;198;491;202;810;875;4;4;0;0
487;198;491;202;810;875;4;4;0;0
520;158;491;202;862;875;29;44;3;7
520;158;520;161;862;925;0;3;0;0
520;158;520;161;862;925;0;3;0;0
520;158;520;161;862;925;0;3;0;0
520;158;520;161;862;925;0;3;0;0
534;183;520;161;891;925;14;22;1;3
534;183;529;169;891;937;5;14;0;2
534;183;529;169;891;937;5;14;0;2
534;183;529;169;891;937;5;14;0;2
534;183;529;169;891;937;5;14;0;2
534;183;529;169;891;937;5;14;0;2
518;178;538;164;908;947;20;14;2;2
518;178;538;164;908;947;20;14;2;2
518;178;538;164;908;947;20;14;2;2
518;178;538;164;908;947;20;14;2;2
518;178;538;164;908;947;20;14;2;2
544;176;538;164;934;947;6;12;0;2
544;176;538;164;934;947;6;12;0;2
544;176;538;164;934;947;6;12;0;2
544;176;538;164;934;947;6;12;0;2
544;176;538;164;934;947;6;12;0;2
544;176;538;164;934;947;6;12;0;2
544;176;538;164;934;947;6;12;0;2
544;176;538;164;934;947;6;12;0;2
544;176;538;164;934;947;6;12;0;2
544;176;538;164;934;947;6;12;0;2
544;176;515;181;934;976;29;5;3;0
544;176;515;181;934;976;29;5;3;0
544;176;515;181;934;976;29;5;3;0
544;176;515;181;934;976;29;5;3;0
519;200;515;181;969;976;4;19;0;3
519;200;485;181;969;1006;34;19;4;3
519;200;485;181;969;1006;34;19;4;3
519;200;485;181;969;1006;34;19;4;3
519;200;485;181;969;1006;34;19;4;3
467;213;485;181;1023;1006;18;32;2;5
467;213;414;204;1023;1081;53;9;6;1
467;213;414;204;1023;1081;53;9;6;1
467;213;414;204;1023;1081;53;9;6;1
467;213;414;204;1023;1081;53;9;6;1
467;213;414;204;1023;1081;53;9;6;1
467;213;424;213;1023;1094;43;0;5;0
467;213;424;213;1023;1094;43;0;5;0
467;213;424;213;1023;1094;43;0;5;0
467;213;424;213;1023;1094;43;0;5;0
467;213;424;213;1023;1094;43;0;5;0
467;213;424;213;1023;1094;43;0;5;0
467;213;424;213;1023;1094;43;0;5;0
467;213;424;213;1023;1094;43;0;5;0
467;213;424;213;1023;1094;43;0;5;0
467;213;424;213;1023;1094;43;0;5;0
467;213;424;213;1023;1094;43;0;5;0
467;213;424;213;1023;1094;43;0;5;0
467;213;424;213;1023;1094;43;0;5;0
467;213;424;213;1023;1094;43;0;5;0
467;213;424;213;1023;1094;43;0;5;0
467;213;424;213;1023;1094;43;0;5;0
467;213;424;213;1023;1094;43;0;5;0
467;213;424;213;1023;1094;43;0;5;0
467;213;424;213;1023;1094;43;0;5;0
467;213;424;213;1023;1094;43;0;5;0
467;213;424;213;1023;1094;43;0;5;0
467;213;424;213;1023;1094;43;0;5;0
467;213;424;213;1023;1094;43;0;5;0
467;213;424;213;1023;1094;43;0;5;0
467;213;424;213;1023;1094;43;0;5;0
467;213;424;221;1023;1102;43;8;5;1
467;213;424;221;1023;1102;43;8;5;1
467;213;424;221;1023;1102;43;8;5;1
467;213;424;221;1023;1102;43;8;5;1
467;213;424;221;1023;1102;43;8;5;1
467;213;424;221;1023;1102;43;8;5;1
467;213;424;221;1023;1102;43;8;5;1
467;213;424;221;1023;1102;43;8;5;1
467;213;424;221;1023;1102;43;8;5;1
467;213;424;221;1023;1102;43;8;5;1
467;213;424;221;1023;1102;43;8;5;1
467;213;424;221;1023;1102;43;8;5;1
467;213;424;221;1023;1102;43;8;5;1
467;213;424;221;1023;1102;43;8;5;1
467;213;424;221;1023;1102;43;8;5;1
467;213;424;221;1023;1102;43;8;5;1
467;213;424;221;1023;1102;43;8;5;1
467;213;424;221;1023;1102;43;8;5;1
467;213;424;221;1023;1102;43;8;5;1
467;213;424;221;1023;1102;43;8;5;1
467;213;424;221;1023;1102;43;8;5;1
467;213;424;221;1023;1102;43;8;5;1
467;213;424;221;1023;1102;43;8;5;1
467;213;424;221;1023;1102;43;8;5;1
467;213;424;221;1023;1102;43;8;5;1
467;213;424;215;1023;1108;43;2;5;0
467;213;424;215;1023;1108;43;2;5;0
467;213;424;215;1023;1108;43;2;5;0
467;213;424;215;1023;1108;43;2;5;0
467;213;424;215;1023;1108;43;2;5;0
467;213;427;215;1023;1111;40;2;5;0
467;213;427;215;1023;1111;40;2;5;0
467;213;427;215;1023;1111;40;2;5;0
467;213;427;215;1023;1111;40;2;5;0
467;213;427;215;1023;1111;40;2;5;0
467;213;427;206;1023;1120;40;7;5;1
467;213;427;206;1023;1120;40;7;5;1
467;213;427;206;1023;1120;40;7;5;1
467;213;427;206;1023;1120;40;7;5;1
467;213;427;206;1023;1120;40;7;5;1
467;213;434;214;1023;1131;33;1;4;0
467;213;434;214;1023;1131;33;1;4;0
467;213;434;214;1023;1131;33;1;4;0
467;213;434;214;1023;1131;33;1;4;0
467;213;434;214;1023;1131;33;1;4;0
467;213;434;222;1023;1139;33;9;4;1
478;225;434;222;1039;1139;44;3;5;0
463;207;434;222;1062;1139;29;15;3;2
463;207;434;222;1062;1139;29;15;3;2
463;207;434;222;1062;1139;29;15;3;2
463;207;434;222;1062;1139;29;15;3;2
463;207;434;222;1062;1139;29;15;3;2
463;207;434;222;1062;1139;29;15;3;2
463;207;434;222;1062;1139;29;15;3;2
449;216;434;222;1079;1139;15;6;1;1
449;216;434;222;1079;1139;15;6;1;1
449;216;434;222;1079;1139;15;6;1;1
449;216;434;222;1079;1139;15;6;1;1
449;216;434;222;1079;1139;15;6;1;1
449;216;434;222;1079;1139;15;6;1;1
449;216;426;222;1079;1147;23;6;2;1
449;216;426;222;1079;1147;23;6;2;1
449;216;426;222;1079;1147;23;6;2;1
449;216;426;222;1079;1147;23;6;2;1
449;216;426;222;1079;1147;23;6;2;1
449;216;426;222;1079;1147;23;6;2;1
449;216;426;222;1079;1147;23;6;2;1
449;216;426;222;1079;1147;23;6;2;1
449;216;426;222;1079;1147;23;6;2;1
418;225;426;222;1111;1147;8;3;1;0
418;225;393;261;1111;1198;25;36;3;6
418;225;393;261;1111;1198;25;36;3;6
418;225;393;261;1111;1198;25;36;3;6
418;225;393;261;1111;1198;25;36;3;6
418;225;393;261;1111;1198;25;36;3;6
418;225;381;261;1111;1210;37;36;4;6
418;225;381;261;1111;1210;37;36;4;6
418;225;381;261;1111;1210;37;36;4;6
418;225;381;261;1111;1210;37;36;4;6
400;228;381;261;1129;1210;19;33;2;5
400;228;381;261;1129;1210;19;33;2;5
400;228;381;261;1129;1210;19;33;2;5
400;228;381;261;1129;1210;19;33;2;5
400;228;381;261;1129;1210;19;33;2;5
400;228;381;261;1129;1210;19;33;2;5
400;228;381;267;1129;1216;19;39;2;6
400;228;381;267;1129;1216;19;39;2;6
400;228;381;267;1129;1216;19;39;2;6
400;228;381;267;1129;1216;19;39;2;6
400;228;381;267;1129;1216;19;39;2;6
400;228;381;267;1129;1216;19;39;2;6
400;228;381;267;1129;1216;19;39;2;6
400;228;381;267;1129;1216;19;39;2;6
400;228;381;267;1129;1216;19;39;2;6
388;238;381;267;1145;1216;7;29;0;5
388;238;368;267;1145;1229;20;29;2;5
388;238;368;267;1145;1229;20;29;2;5
388;238;368;267;1145;1229;20;29;2;5
388;238;368;267;1145;1229;20;29;2;5
388;238;368;267;1145;1229;20;29;2;5
388;238;368;267;1145;1229;20;29;2;5
388;238;368;267;1145;1229;20;29;2;5
388;238;368;267;1145;1229;20;29;2;5
388;238;368;267;1145;1229;20;29;2;5
388;238;368;267;1145;1229;20;29;2;5
388;238;368;288;1145;1250;20;50;2;8
388;238;368;288;1145;1250;20;50;2;8
388;238;368;288;1145;1250;20;50;2;8
388;238;368;288;1145;1250;20;50;2;8
388;238;368;288;1145;1250;20;50;2;8
388;238;529;422;1145;1459;141;184;18;31
388;238;529;422;1145;1459;141;184;18;31
388;238;529;422;1145;1459;141;184;18;31
388;238;529;422;1145;1459;141;184;18;31
388;238;529;422;1145;1459;141;184;18;31
388;238;529;422;1145;1459;141;184;18;31
388;238;529;422;1145;1459;141;184;18;31
388;238;529;422;1145;1459;141;184;18;31
388;238;529;422;1145;1459;141;184;18;31
738;383;529;422;1524;1459;209;39;27;6
738;383;729;384;1524;1663;9;1;1;0
738;383;729;384;1524;1663;9;1;1;0
738;383;729;384;1524;1663;9;1;1;0
738;383;729;384;1524;1663;9;1;1;0
672;234;729;384;1687;1663;57;150;7;26
672;234;683;270;1687;1786;11;36;1;6
672;234;683;270;1687;1786;11;36;1;6
672;234;683;270;1687;1786;11;36;1;6
672;234;683;270;1687;1786;11;36;1;6
688;218;683;270;1710;1786;5;52;0;9
688;218;643;238;1710;1837;45;20;5;3
688;218;643;238;1710;1837;45;20;5;3
688;218;643;238;1710;1837;45;20;5;3
688;218;643;238;1710;1837;45;20;5;3
629;192;643;238;1774;1837;14;46;1;7
629;192;575;191;1774;1920;54;1;7;0
629;192;575;191;1774;1920;54;1;7;0
629;192;575;191;1774;1920;54;1;7;0
629;192;575;191;1774;1920;54;1;7;0
601;163;575;191;1814;1920;26;28;3;4
601;163;554;151;1814;1965;47;12;6;2
601;163;554;151;1814;1965;47;12;6;2
601;163;554;151;1814;1965;47;12;6;2
601;163;554;151;1814;1965;47;12;6;2
584;160;554;151;1831;1965;30;9;3;1
584;160;566;146;1831;1978;18;14;2;2
584;160;566;146;1831;1978;18;14;2;2
584;160;566;146;1831;1978;18;14;2;2
584;160;566;146;1831;1978;18;14;2;2
584;160;566;146;1831;1978;18;14;2;2
584;160;566;149;1831;1981;18;11;2;1
584;160;566;149;1831;1981;18;11;2;1
584;160;566;149;1831;1981;18;11;2;1
584;160;566;149;1831;1981;18;11;2;1
584;160;566;149;1831;1981;18;11;2;1
584;160;576;149;1831;1991;8;11;1;1
584;160;576;149;1831;1991;8;11;1;1
584;160;576;149;1831;1991;8;11;1;1
584;160;576;149;1831;1991;8;11;1;1
584;160;576;149;1831;1991;8;11;1;1
584;160;576;151;1831;1993;8;9;1;1
584;160;576;151;1831;1993;8;9;1;1
584;160;576;151;1831;1993;8;9;1;1
584;160;576;151;1831;1993;8;9;1;1
584;160;576;151;1831;1993;8;9;1;1
584;160;576;156;1831;1998;8;4;1;0
584;160;576;156;1831;1998;8;4;1;0
584;160;576;156;1831;1998;8;4;1;0
584;160;576;156;1831;1998;8;4;1;0
584;160;576;156;1831;1998;8;4;1;0
584;160;576;152;1831;2002;8;8;1;1
584;160;576;152;1831;2002;8;8;1;1
584;160;576;152;1831;2002;8;8;1;1
584;160;576;152;1831;2002;8;8;1;1
584;160;576;152;1831;2002;8;8;1;1
584;160;576;152;1831;2002;8;8;1;1
584;160;576;152;1831;2002;8;8;1;1
584;160;576;152;1831;2002;8;8;1;1
584;160;576;152;1831;2002;8;8;1;1
584;160;576;152;1831;2002;8;8;1;1
584;160;558;168;1831;2026;26;8;3;1
584;160;558;168;1831;2026;26;8;3;1
584;160;558;168;1831;2026;26;8;3;1
584;160;558;168;1831;2026;26;8;3;1
584;160;558;168;1831;2026;26;8;3;1
584;160;558;168;1831;2026;26;8;3;1
584;160;558;168;1831;2026;26;8;3;1
584;160;558;168;1831;2026;26;8;3;1
584;160;558;168;1831;2026;26;8;3;1
584;160;558;168;1831;2026;26;8;3;1
584;160;558;168;1831;2026;26;8;3;1
585;176;558;168;1847;2026;27;8;3;1
585;176;558;168;1847;2026;27;8;3;1
585;176;558;168;1847;2026;27;8;3;1
585;176;558;168;1847;2026;27;8;3;1
585;176;558;168;1847;2026;27;8;3;1
585;176;558;168;1847;2026;27;8;3;1
585;176;558;168;1847;2026;27;8;3;1
585;176;558;168;1847;2026;27;8;3;1
585;176;558;168;1847;2026;27;8;3;1
585;176;545;168;1847;2039;40;8;5;1
585;176;545;168;1847;2039;40;8;5;1
585;176;545;168;1847;2039;40;8;5;1
585;176;545;168;1847;2039;40;8;5;1
585;176;545;168;1847;2039;40;8;5;1
585;176;540;168;1847;2044;45;8;5;1
585;176;540;168;1847;2044;45;8;5;1
585;176;540;168;1847;2044;45;8;5;1
585;176;540;168;1847;2044;45;8;5;1
585;176;540;168;1847;2044;45;8;5;1
585;176;540;164;1847;2048;45;12;5;2
585;176;540;164;1847;2048;45;12;5;2
585;176;540;164;1847;2048;45;12;5;2
585;176;540;164;1847;2048;45;12;5;2
585;176;540;164;1847;2048;45;12;5;2
585;176;540;164;1847;2048;45;12;5;2
585;176;540;164;1847;2048;45;12;5;2
585;176;540;164;1847;2048;45;12;5;2
585;176;540;164;1847;2048;45;12;5;2
585;176;540;164;1847;2048;45;12;5;2
585;176;540;164;1847;2048;45;12;5;2
585;176;540;164;1847;2048;45;12;5;2
585;176;540;164;1847;2048;45;12;5;2
585;176;540;164;1847;2048;45;12;5;2
585;176;540;164;1847;2048;45;12;5;2
585;176;540;164;1847;2048;45;12;5;2
585;176;540;164;1847;2048;45;12;5;2
572;168;540;164;1862;2048;32;4;4;0
572;168;540;164;1862;2048;32;4;4;0
572;168;540;164;1862;2048;32;4;4;0
572;168;540;164;1862;2048;32;4;4;0
572;168;540;164;1862;2048;32;4;4;0
572;168;540;164;1862;2048;32;4;4;0
572;168;540;164;1862;2048;32;4;4;0
572;168;540;164;1862;2048;32;4;4;0
572;168;540;164;1862;2048;32;4;4;0
572;168;540;164;1862;2048;32;4;4;0
572;168;540;164;1862;2048;32;4;4;0
572;168;540;164;1862;2048;32;4;4;0
572;168;540;164;1862;2048;32;4;4;0
572;168;540;160;1862;2052;32;8;4;1
572;168;540;160;1862;2052;32;8;4;1
572;168;540;160;1862;2052;32;8;4;1
572;168;540;160;1862;2052;32;8;4;1
572;168;540;160;1862;2052;32;8;4;1
572;168;540;158;1862;2054;32;10;4;1
572;168;540;158;1862;2054;32;10;4;1
572;168;540;158;1862;2054;32;10;4;1
572;168;540;158;1862;2054;32;10;4;1
572;168;540;158;1862;2054;32;10;4;1
572;168;540;171;1862;2067;32;3;4;0
572;168;540;171;1862;2067;32;3;4;0
572;168;540;171;1862;2067;32;3;4;0
572;168;540;171;1862;2067;32;3;4;0
591;168;540;171;1881;2067;51;3;6;0
577;160;556;165;1897;2084;21;5;2;0
577;160;556;165;1897;2084;21;5;2;0
577;160;556;165;1897;2084;21;5;2;0
577;160;556;165;1897;2084;21;5;2;0
577;160;556;165;1897;2084;21;5;2;0
577;160;556;162;1897;2087;21;2;2;0
577;160;556;162;1897;2087;21;2;2;0
577;160;556;162;1897;2087;21;2;2;0
577;160;556;162;1897;2087;21;2;2;0
569;139;556;162;1919;2087;13;23;1;3
569;139;548;156;1919;2097;21;17;2;2
569;139;548;156;1919;2097;21;17;2;2
569;139;548;156;1919;2097;21;17;2;2
569;139;548;156;1919;2097;21;17;2;2
550;147;548;156;1940;2097;2;9;0;1
550;147;538;150;1940;2109;12;3;1;0
550;147;538;150;1940;2109;12;3;1;0
550;147;538;150;1940;2109;12;3;1;0
550;147;538;150;1940;2109;12;3;1;0
550;147;538;150;1940;2109;12;3;1;0
550;147;541;150;1940;2112;9;3;1;0
550;147;541;150;1940;2112;9;3;1;0
550;147;541;150;1940;2112;9;3;1;0
550;147;541;150;1940;2112;9;3;1;0
564;143;541;150;1955;2112;23;7;2;1
564;143;539;148;1955;2115;25;5;3;0
564;143;539;148;1955;2115;25;5;3;0
564;143;539;148;1955;2115;25;5;3;0
564;143;539;148;1955;2115;25;5;3;0
564;143;539;148;1955;2115;25;5;3;0
564;143;539;148;1955;2115;25;5;3;0
564;143;539;148;1955;2115;25;5;3;0
564;143;539;148;1955;2115;25;5;3;0
564;143;539;148;1955;2115;25;5;3;0
564;143;539;148;1955;2115;25;5;3;0
564;143;545;147;1955;2121;19;4;2;0
564;143;545;147;1955;2121;19;4;2;0
564;143;545;147;1955;2121;19;4;2;0
564;143;545;147;1955;2121;19;4;2;0
564;143;545;147;1955;2121;19;4;2;0
564;143;545;147;1955;2121;19;4;2;0
564;143;545;147;1955;2121;19;4;2;0
564;143;545;147;1955;2121;19;4;2;0
564;143;545;147;1955;2121;19;4;2;0
573;156;545;147;1971;2121;28;9;3;1
573;156;545;163;1971;2137;28;7;3;1
573;156;545;163;1971;2137;28;7;3;1
573;156;545;163;1971;2137;28;7;3;1
573;156;545;163;1971;2137;28;7;3;1
573;156;545;163;1971;2137;28;7;3;1
573;156;541;157;1971;2144;32;1;4;0
573;156;541;157;1971;2144;32;1;4;0
573;156;541;157;1971;2144;32;1;4;0
573;156;541;157;1971;2144;32;1;4;0
573;156;541;157;1971;2144;32;1;4;0
573;156;541;171;1971;2158;32;15;4;2
573;156;541;171;1971;2158;32;15;4;2
573;156;541;171;1971;2158;32;15;4;2
573;156;541;171;1971;2158;32;15;4;2
573;156;541;171;1971;2158;32;15;4;2
573;156;536;171;1971;2163;37;15;4;2
573;156;536;171;1971;2163;37;15;4;2
573;156;536;171;1971;2163;37;15;4;2
573;156;536;171;1971;2163;37;15;4;2
557;155;536;171;1987;2163;21;16;2;2
557;155;536;169;1987;2165;21;14;2;2
557;155;536;169;1987;2165;21;14;2;2
557;155;536;169;1987;2165;21;14;2;2
557;155;536;169;1987;2165;21;14;2;2
557;155;536;169;1987;2165;21;14;2;2
557;155;536;169;1987;2165;21;14;2;2
557;155;536;169;1987;2165;21;14;2;2
557;155;536;169;1987;2165;21;14;2;2
557;155;536;169;1987;2165;21;14;2;2
557;155;536;169;1987;2165;21;14;2;2
557;155;533;171;1987;2169;24;16;3;2
557;155;533;171;1987;2169;24;16;3;2
557;155;533;171;1987;2169;24;16;3;2
557;155;533;171;1987;2169;24;16;3;2
557;155;533;171;1987;2169;24;16;3;2
546;168;533;171;2004;2169;13;3;1;0
546;168;533;171;2004;2169;13;3;1;0
546;168;533;171;2004;2169;13;3;1;0
546;168;533;171;2004;2169;13;3;1;0
535;181;533;171;2021;2169;2;10;0;1
535;181;510;186;2021;2196;25;5;3;0
535;181;510;186;2021;2196;25;5;3;0
535;181;510;186;2021;2196;25;5;3;0
535;181;510;186;2021;2196;25;5;3;0
510;168;510;186;2049;2196;0;18;0;3
510;168;497;179;2049;2211;13;11;1;1
510;168;497;179;2049;2211;13;11;1;1
510;168;497;179;2049;2211;13;11;1;1
510;168;497;179;2049;2211;13;11;1;1
510;168;497;179;2049;2211;13;11;1;1
510;168;499;179;2049;2213;11;11;1;1
510;168;499;179;2049;2213;11;11;1;1
510;168;499;179;2049;2213;11;11;1;1
510;168;499;179;2049;2213;11;11;1;1
510;168;499;179;2049;2213;11;11;1;1
510;168;499;179;2049;2213;11;11;1;1
510;168;499;179;2049;2213;11;11;1;1
510;168;499;179;2049;2213;11;11;1;1
510;168;499;179;2049;2213;11;11;1;1
510;168;499;179;2049;2213;11;11;1;1
510;168;490;173;2049;2224;20;5;2;0
510;168;490;173;2049;2224;20;5;2;0
510;168;490;173;2049;2224;20;5;2;0
510;168;490;173;2049;2224;20;5;2;0
510;168;490;173;2049;2224;20;5;2;0
510;168;491;190;2049;2241;19;22;2;3
510;168;491;190;2049;2241;19;22;2;3
510;168;491;190;2049;2241;19;22;2;3
510;168;491;190;2049;2241;19;22;2;3
496;182;491;190;2069;2241;5;8;0;1
496;182;475;184;2069;2258;21;2;2;0
496;182;475;184;2069;2258;21;2;2;0
496;182;475;184;2069;2258;21;2;2;0
496;182;475;184;2069;2258;21;2;2;0
496;182;475;184;2069;2258;21;2;2;0
496;182;475;184;2069;2258;21;2;2;0
496;182;475;184;2069;2258;21;2;2;0
496;182;475;184;2069;2258;21;2;2;0
496;182;475;184;2069;2258;21;2;2;0
496;182;475;184;2069;2258;21;2;2;0
496;182;485;174;2069;2272;11;8;1;1
496;182;485;174;2069;2272;11;8;1;1
496;182;485;174;2069;2272;11;8;1;1
496;182;485;174;2069;2272;11;8;1;1
555;146;485;174;2138;2272;70;28;9;4
555;146;510;159;2138;2301;45;13;5;2
555;146;510;159;2138;2301;45;13;5;2
555;146;510;159;2138;2301;45;13;5;2
555;146;510;159;2138;2301;45;13;5;2
555;146;510;159;2138;2301;45;13;5;2
555;146;510;155;2138;2305;45;9;5;1
555;146;510;155;2138;2305;45;9;5;1
555;146;510;155;2138;2305;45;9;5;1
555;146;510;155;2138;2305;45;9;5;1
555;146;510;155;2138;2305;45;9;5;1
555;146;510;155;2138;2305;45;9;5;1
555;146;510;155;2138;2305;45;9;5;1
555;146;510;155;2138;2305;45;9;5;1
555;146;510;155;2138;2305;45;9;5;1
555;146;510;155;2138;2305;45;9;5;1
555;146;510;155;2138;2305;45;9;5;1
555;146;510;155;2138;2305;45;9;5;1
555;146;510;155;2138;2305;45;9;5;1
555;146;510;155;2138;2305;45;9;5;1
555;146;510;155;2138;2305;45;9;5;1
555;146;518;151;2138;2314;37;5;4;0
555;146;518;151;2138;2314;37;5;4;0
555;146;518;151;2138;2314;37;5;4;0
555;146;518;151;2138;2314;37;5;4;0
555;146;518;151;2138;2314;37;5;4;0
544;156;518;151;2153;2314;26;5;3;0
544;156;518;151;2153;2314;26;5;3;0
544;156;518;151;2153;2314;26;5;3;0
544;156;518;151;2153;2314;26;5;3;0
544;156;518;151;2153;2314;26;5;3;0
544;156;514;156;2153;2320;30;0;3;0
544;156;514;156;2153;2320;30;0;3;0
544;156;514;156;2153;2320;30;0;3;0
544;156;514;156;2153;2320;30;0;3;0
544;156;514;156;2153;2320;30;0;3;0
544;156;524;171;2153;2338;20;15;2;2
544;156;524;171;2153;2338;20;15;2;2
544;156;524;171;2153;2338;20;15;2;2
544;156;524;171;2153;2338;20;15;2;2
544;156;524;171;2153;2338;20;15;2;2
536;169;516;186;2168;2355;20;17;2;2
536;169;516;186;2168;2355;20;17;2;2
536;169;516;186;2168;2355;20;17;2;2
536;169;516;186;2168;2355;20;17;2;2
536;169;516;186;2168;2355;20;17;2;2
536;169;516;186;2168;2355;20;17;2;2
536;169;516;186;2168;2355;20;17;2;2
536;169;516;186;2168;2355;20;17;2;2
536;169;516;186;2168;2355;20;17;2;2
530;198;516;186;2198;2355;14;12;1;2
530;198;511;217;2198;2386;19;19;2;3
530;198;511;217;2198;2386;19;19;2;3
530;198;511;217;2198;2386;19;19;2;3
530;198;511;217;2198;2386;19;19;2;3
530;198;511;217;2198;2386;19;19;2;3
530;198;511;236;2198;2405;19;38;2;6
530;198;511;236;2198;2405;19;38;2;6
530;198;511;236;2198;2405;19;38;2;6
530;198;511;236;2198;2405;19;38;2;6
530;198;511;236;2198;2405;19;38;2;6
530;198;509;208;2198;2433;21;10;2;1
530;198;509;208;2198;2433;21;10;2;1
530;198;509;208;2198;2433;21;10;2;1
530;198;509;208;2198;2433;21;10;2;1
530;198;509;208;2198;2433;21;10;2;1
530;198;497;213;2198;2446;33;15;4;2
530;198;497;213;2198;2446;33;15;4;2
530;198;497;213;2198;2446;33;15;4;2
530;198;497;213;2198;2446;33;15;4;2
530;198;497;213;2198;2446;33;15;4;2
530;198;490;210;2198;2454;40;12;5;2
530;198;490;210;2198;2454;40;12;5;2
530;198;490;210;2198;2454;40;12;5;2
530;198;490;210;2198;2454;40;12;5;2
530;198;490;210;2198;2454;40;12;5;2
530;198;478;210;2198;2466;52;12;6;2
530;198;478;210;2198;2466;52;12;6;2
530;198;478;210;2198;2466;52;12;6;2
530;198;478;210;2198;2466;52;12;6;2
530;198;478;210;2198;2466;52;12;6;2
530;198;481;206;2198;2471;49;8;6;1
530;198;481;206;2198;2471;49;8;6;1
530;198;481;206;2198;2471;49;8;6;1
530;198;481;206;2198;2471;49;8;6;1
530;198;481;206;2198;2471;49;8;6;1
530;198;481;206;2198;2471;49;8;6;1
530;198;481;206;2198;2471;49;8;6;1
530;198;481;206;2198;2471;49;8;6;1
530;198;481;206;2198;2471;49;8;6;1
500;200;481;206;2228;2471;19;6;2;1
500;200;472;206;2228;2480;28;6;3;1
500;200;472;206;2228;2480;28;6;3;1
500;200;472;206;2228;2480;28;6;3;1
500;200;472;206;2228;2480;28;6;3;1
500;200;472;206;2228;2480;28;6;3;1
500;200;472;206;2228;2480;28;6;3;1
500;200;472;206;2228;2480;28;6;3;1
500;200;472;206;2228;2480;28;6;3;1
500;200;472;206;2228;2480;28;6;3;1
500;200;472;206;2228;2480;28;6;3;1
500;200;472;213;2228;2487;28;13;3;2
500;200;472;213;2228;2487;28;13;3;2
500;200;472;213;2228;2487;28;13;3;2
500;200;472;213;2228;2487;28;13;3;2
500;200;472;213;2228;2487;28;13;3;2
500;200;472;213;2228;2487;28;13;3;2
500;200;472;213;2228;2487;28;13;3;2
503;216;472;213;2244;2487;31;3;4;0
492;206;472;213;2259;2487;20;7;2;1
492;206;472;213;2259;2487;20;7;2;1
492;206;460;213;2259;2499;32;7;4;1
492;206;460;213;2259;2499;32;7;4;1
481;221;460;213;2278;2499;21;8;2;1
481;221;460;213;2278;2499;21;8;2;1
481;221;460;213;2278;2499;21;8;2;1
481;221;460;213;2278;2499;21;8;2;1
481;221;460;213;2278;2499;21;8;2;1
481;221;460;213;2278;2499;21;8;2;1
481;221;460;213;2278;2499;21;8;2;1
481;221;460;213;2278;2499;21;8;2;1
481;221;453;233;2278;2520;28;12;3;2
481;221;453;233;2278;2520;28;12;3;2
481;221;453;233;2278;2520;28;12;3;2
481;221;453;233;2278;2520;28;12;3;2
471;210;453;233;2293;2520;18;23;2;3
471;210;453;225;2293;2528;18;15;2;2
471;210;453;225;2293;2528;18;15;2;2
471;210;453;225;2293;2528;18;15;2;2
471;210;453;225;2293;2528;18;15;2;2
471;210;453;225;2293;2528;18;15;2;2
471;210;453;225;2293;2528;18;15;2;2
471;210;453;225;2293;2528;18;15;2;2
471;210;453;225;2293;2528;18;15;2;2
471;210;453;225;2293;2528;18;15;2;2
471;210;453;225;2293;2528;18;15;2;2
471;210;445;225;2293;2536;26;15;3;2
471;210;445;225;2293;2536;26;15;3;2
471;210;445;225;2293;2536;26;15;3;2
471;210;445;225;2293;2536;26;15;3;2
471;210;445;225;2293;2536;26;15;3;2
471;210;445;225;2293;2536;26;15;3;2
471;210;445;225;2293;2536;26;15;3;2
471;210;445;225;2293;2536;26;15;3;2
471;210;445;225;2293;2536;26;15;3;2
471;210;445;225;2293;2536;26;15;3;2
471;210;445;225;2293;2536;26;15;3;2
471;210;445;225;2293;2536;26;15;3;2
471;210;445;225;2293;2536;26;15;3;2
471;210;445;225;2293;2536;26;15;3;2
471;210;445;225;2293;2536;26;15;3;2
471;210;445;225;2293;2536;26;15;3;2
471;210;445;225;2293;2536;26;15;3;2
471;210;445;225;2293;2536;26;15;3;2
471;210;445;225;2293;2536;26;15;3;2
471;210;445;225;2293;2536;26;15;3;2
471;210;445;225;2293;2536;26;15;3;2
471;210;445;225;2293;2536;26;15;3;2
471;210;445;225;2293;2536;26;15;3;2
471;210;445;225;2293;2536;26;15;3;2
471;210;445;225;2293;2536;26;15;3;2
471;210;445;225;2293;2536;26;15;3;2
471;210;445;225;2293;2536;26;15;3;2
471;210;445;225;2293;2536;26;15;3;2
471;210;445;225;2293;2536;26;15;3;2
471;210;445;225;2293;2536;26;15;3;2
471;210;445;225;2293;2536;26;15;3;2
471;210;445;225;2293;2536;26;15;3;2
471;210;445;225;2293;2536;26;15;3;2
471;210;445;225;2293;2536;26;15;3;2
471;210;445;225;2293;2536;26;15;3;2
471;210;445;225;2293;2536;26;15;3;2
471;210;445;225;2293;2536;26;15;3;2
471;210;445;225;2293;2536;26;15;3;2
471;210;445;225;2293;2536;26;15;3;2
471;210;445;225;2293;2536;26;15;3;2
471;210;445;230;2293;2541;26;20;3;3
471;210;445;230;2293;2541;26;20;3;3
471;210;445;230;2293;2541;26;20;3;3
471;210;445;230;2293;2541;26;20;3;3
471;210;445;230;2293;2541;26;20;3;3
471;210;445;230;2293;2541;26;20;3;3
471;210;445;230;2293;2541;26;20;3;3
471;210;445;230;2293;2541;26;20;3;3
471;210;445;230;2293;2541;26;20;3;3
471;210;445;230;2293;2541;26;20;3;3
471;210;445;230;2293;2541;26;20;3;3
471;210;445;230;2293;2541;26;20;3;3
471;210;445;230;2293;2541;26;20;3;3
471;210;445;230;2293;2541;26;20;3;3
471;210;445;230;2293;2541;26;20;3;3
471;210;445;230;2293;2541;26;20;3;3
471;210;445;230;2293;2541;26;20;3;3
471;210;445;230;2293;2541;26;20;3;3
471;210;445;230;2293;2541;26;20;3;3
471;210;445;230;2293;2541;26;20;3;3
485;219;445;219;2310;2552;40;0;5;0
485;219;445;219;2310;2552;40;0;5;0
485;219;445;219;2310;2552;40;0;5;0
485;219;445;219;2310;2552;40;0;5;0
485;219;445;219;2310;2552;40;0;5;0
485;219;462;219;2310;2569;23;0;2;0
499;214;462;219;2325;2569;37;5;4;0
499;214;462;219;2325;2569;37;5;4;0
499;214;462;219;2325;2569;37;5;4;0
512;198;462;219;2346;2569;50;21;6;3
512;198;475;180;2346;2610;37;18;4;3
500;189;475;180;2361;2610;25;9;3;1
500;189;475;180;2361;2610;25;9;3;1
500;189;475;180;2361;2610;25;9;3;1
500;189;475;180;2361;2610;25;9;3;1
500;189;475;184;2361;2614;25;5;3;0
500;189;475;184;2361;2614;25;5;3;0
500;189;475;184;2361;2614;25;5;3;0
500;189;475;184;2361;2614;25;5;3;0
500;189;475;184;2361;2614;25;5;3;0
500;189;490;174;2361;2632;10;15;1;2
500;189;490;174;2361;2632;10;15;1;2
500;189;490;174;2361;2632;10;15;1;2
500;189;490;174;2361;2632;10;15;1;2
505;169;490;174;2382;2632;15;5;1;0
505;169;496;174;2382;2638;9;5;1;0
505;169;496;174;2382;2638;9;5;1;0
505;169;496;174;2382;2638;9;5;1;0
505;169;496;174;2382;2638;9;5;1;0
526;155;496;174;2407;2638;30;19;3;3
526;155;505;170;2407;2648;21;15;2;2
526;155;505;170;2407;2648;21;15;2;2
526;155;505;170;2407;2648;21;15;2;2
526;155;505;170;2407;2648;21;15;2;2
526;155;505;170;2407;2648;21;15;2;2
526;155;505;170;2407;2648;21;15;2;2
526;155;505;170;2407;2648;21;15;2;2
526;155;505;170;2407;2648;21;15;2;2
526;155;505;170;2407;2648;21;15;2;2
526;155;505;170;2407;2648;21;15;2;2
526;155;505;166;2407;2652;21;11;2;1
526;155;505;166;2407;2652;21;11;2;1
526;155;505;166;2407;2652;21;11;2;1
526;155;505;166;2407;2652;21;11;2;1
526;155;505;166;2407;2652;21;11;2;1
526;155;505;166;2407;2652;21;11;2;1
526;155;505;166;2407;2652;21;11;2;1
526;155;505;166;2407;2652;21;11;2;1
526;155;505;166;2407;2652;21;11;2;1
526;155;505;166;2407;2652;21;11;2;1
526;155;505;166;2407;2652;21;11;2;1
526;155;505;166;2407;2652;21;11;2;1
526;155;505;166;2407;2652;21;11;2;1
526;155;505;166;2407;2652;21;11;2;1
526;155;505;166;2407;2652;21;11;2;1
526;155;505;166;2407;2652;21;11;2;1
526;155;505;166;2407;2652;21;11;2;1
526;155;505;166;2407;2652;21;11;2;1
526;155;505;166;2407;2652;21;11;2;1
506;159;505;166;2427;2652;1;7;0;1
506;159;489;166;2427;2668;17;7;2;1
506;159;489;166;2427;2668;17;7;2;1
506;159;489;166;2427;2668;17;7;2;1
506;159;489;166;2427;2668;17;7;2;1
521;147;489;166;2446;2668;32;19;4;3
521;147;502;166;2446;2681;19;19;2;3
521;147;502;166;2446;2681;19;19;2;3
521;147;502;166;2446;2681;19;19;2;3
521;147;502;166;2446;2681;19;19;2;3
511;161;502;166;2463;2681;9;5;1;0
511;161;502;166;2463;2681;9;5;1;0
511;161;502;166;2463;2681;9;5;1;0
511;161;502;166;2463;2681;9;5;1;0
511;161;502;166;2463;2681;9;5;1;0
491;179;502;166;2490;2681;11;13;1;2
491;179;463;178;2490;2722;28;1;3;0
491;179;463;178;2490;2722;28;1;3;0
491;179;463;178;2490;2722;28;1;3;0
491;179;463;178;2490;2722;28;1;3;0
491;179;463;178;2490;2722;28;1;3;0
491;179;463;175;2490;2725;28;4;3;0
491;179;463;175;2490;2725;28;4;3;0
491;179;463;175;2490;2725;28;4;3;0
491;179;463;175;2490;2725;28;4;3;0
491;179;463;175;2490;2725;28;4;3;0
491;179;463;165;2490;2735;28;14;3;2
491;179;463;165;2490;2735;28;14;3;2
491;179;463;165;2490;2735;28;14;3;2
491;179;463;165;2490;2735;28;14;3;2
519;178;463;165;2518;2735;56;13;7;2
519;178;503;165;2518;2775;16;13;2;2
519;178;503;165;2518;2775;16;13;2;2
519;178;503;165;2518;2775;16;13;2;2
519;178;503;165;2518;2775;16;13;2;2
519;178;503;165;2518;2775;16;13;2;2
519;178;503;165;2518;2775;16;13;2;2
519;178;503;165;2518;2775;16;13;2;2
519;178;503;165;2518;2775;16;13;2;2
519;178;503;165;2518;2775;16;13;2;2
519;178;503;165;2518;2775;16;13;2;2
504;173;491;170;2534;2788;13;3;1;0
504;173;491;170;2534;2788;13;3;1;0
504;173;491;170;2534;2788;13;3;1;0
504;173;491;170;2534;2788;13;3;1;0
504;173;491;170;2534;2788;13;3;1;0
504;173;486;170;2534;2793;18;3;2;0
504;173;486;170;2534;2793;18;3;2;0
504;173;486;170;2534;2793;18;3;2;0
504;173;486;170;2534;2793;18;3;2;0
504;173;486;170;2534;2793;18;3;2;0
504;173;486;170;2534;2793;18;3;2;0
504;173;486;170;2534;2793;18;3;2;0
504;173;486;170;2534;2793;18;3;2;0
504;173;486;170;2534;2793;18;3;2;0
504;173;486;170;2534;2793;18;3;2;0
504;173;486;170;2534;2793;18;3;2;0
504;173;486;170;2534;2793;18;3;2;0
504;173;486;170;2534;2793;18;3;2;0
504;173;486;170;2534;2793;18;3;2;0
504;173;486;170;2534;2793;18;3;2;0
504;173;486;178;2534;2801;18;5;2;0
504;173;486;178;2534;2801;18;5;2;0
504;173;486;178;2534;2801;18;5;2;0
504;173;486;178;2534;2801;18;5;2;0
504;173;486;178;2534;2801;18;5;2;0
504;173;486;178;2534;2801;18;5;2;0
504;173;486;178;2534;2801;18;5;2;0
504;173;486;178;2534;2801;18;5;2;0
504;173;486;178;2534;2801;18;5;2;0
504;173;486;178;2534;2801;18;5;2;0
504;173;486;178;2534;2801;18;5;2;0
504;173;486;178;2534;2801;18;5;2;0
504;173;486;178;2534;2801;18;5;2;0
504;173;486;178;2534;2801;18;5;2;0
504;173;486;178;2534;2801;18;5;2;0
504;173;486;178;2534;2801;18;5;2;0
504;173;486;178;2534;2801;18;5;2;0
504;173;486;178;2534;2801;18;5;2;0
504;173;486;178;2534;2801;18;5;2;0
504;173;486;178;2534;2801;18;5;2;0
504;173;486;172;2534;2807;18;1;2;0
504;173;486;172;2534;2807;18;1;2;0
504;173;486;172;2534;2807;18;1;2;0
504;173;486;172;2534;2807;18;1;2;0
504;173;486;172;2534;2807;18;1;2;0
504;173;486;172;2534;2807;18;1;2;0
504;173;486;172;2534;2807;18;1;2;0
504;173;486;172;2534;2807;18;1;2;0
504;173;486;172;2534;2807;18;1;2;0
530;184;486;172;2562;2807;44;12;5;2
530;184;504;186;2562;2830;26;2;3;0
530;184;504;186;2562;2830;26;2;3;0
530;184;504;186;2562;2830;26;2;3;0
530;184;504;186;2562;2830;26;2;3;0
530;184;504;186;2562;2830;26;2;3;0
530;184;504;186;2562;2830;26;2;3;0
530;184;504;186;2562;2830;26;2;3;0
530;184;504;186;2562;2830;26;2;3;0
530;184;504;186;2562;2830;26;2;3;0
530;184;504;186;2562;2830;26;2;3;0
530;184;504;186;2562;2830;26;2;3;0
530;184;504;186;2562;2830;26;2;3;0
530;184;504;186;2562;2830;26;2;3;0
530;184;504;186;2562;2830;26;2;3;0
496;184;504;186;2596;2830;8;2;1;0
496;184;471;179;2596;2864;25;5;3;0
496;184;471;179;2596;2864;25;5;3;0
496;184;471;179;2596;2864;25;5;3;0
496;184;471;179;2596;2864;25;5;3;0
496;184;471;179;2596;2864;25;5;3;0
496;184;471;179;2596;2864;25;5;3;0
496;184;471;179;2596;2864;25;5;3;0
496;184;471;179;2596;2864;25;5;3;0
496;184;471;179;2596;2864;25;5;3;0
496;184;471;179;2596;2864;25;5;3;0
496;184;471;179;2596;2864;25;5;3;0
496;184;471;179;2596;2864;25;5;3;0
496;184;471;179;2596;2864;25;5;3;0
496;184;471;179;2596;2864;25;5;3;0
496;184;471;179;2596;2864;25;5;3;0
496;184;481;179;2596;2874;15;5;1;0
496;184;481;179;2596;2874;15;5;1;0
496;184;481;179;2596;2874;15;5;1;0
496;184;481;179;2596;2874;15;5;1;0
496;184;481;179;2596;2874;15;5;1;0
496;184;481;179;2596;2874;15;5;1;0
496;184;481;179;2596;2874;15;5;1;0
496;184;481;179;2596;2874;15;5;1;0
496;184;481;179;2596;2874;15;5;1;0
496;184;481;179;2596;2874;15;5;1;0
496;184;481;191;2596;2886;15;7;1;1
496;184;481;191;2596;2886;15;7;1;1
496;184;481;191;2596;2886;15;7;1;1
496;184;481;191;2596;2886;15;7;1;1
496;184;481;191;2596;2886;15;7;1;1
496;184;481;191;2596;2886;15;7;1;1
496;184;481;191;2596;2886;15;7;1;1
496;184;481;191;2596;2886;15;7;1;1
496;184;481;191;2596;2886;15;7;1;1
496;184;481;191;2596;2886;15;7;1;1
496;184;471;198;2596;2898;25;14;3;2
496;184;471;198;2596;2898;25;14;3;2
496;184;471;198;2596;2898;25;14;3;2
496;184;471;198;2596;2898;25;14;3;2
496;184;471;198;2596;2898;25;14;3;2
496;184;471;198;2596;2898;25;14;3;2
496;184;471;198;2596;2898;25;14;3;2
496;184;471;198;2596;2898;25;14;3;2
496;184;471;198;2596;2898;25;14;3;2
483;194;471;198;2612;2898;12;4;1;0
483;194;456;209;2612;2917;27;15;3;2
483;194;456;209;2612;2917;27;15;3;2
483;194;456;209;2612;2917;27;15;3;2
483;194;456;209;2612;2917;27;15;3;2
483;194;456;209;2612;2917;27;15;3;2
483;194;443;209;2612;2930;40;15;5;2
483;194;443;209;2612;2930;40;15;5;2
483;194;443;209;2612;2930;40;15;5;2
483;194;443;209;2612;2930;40;15;5;2
483;194;443;209;2612;2930;40;15;5;2
483;194;443;209;2612;2930;40;15;5;2
483;194;443;209;2612;2930;40;15;5;2
483;194;443;209;2612;2930;40;15;5;2
483;194;443;209;2612;2930;40;15;5;2
483;194;443;209;2612;2930;40;15;5;2
483;194;443;209;2612;2930;40;15;5;2
483;194;443;209;2612;2930;40;15;5;2
483;194;443;209;2612;2930;40;15;5;2
483;194;443;209;2612;2930;40;15;5;2
478;208;443;209;2627;2930;35;1;4;0
478;208;443;214;2627;2935;35;6;4;1
478;208;443;214;2627;2935;35;6;4;1
478;208;443;214;2627;2935;35;6;4;1
478;208;443;214;2627;2935;35;6;4;1
478;208;443;214;2627;2935;35;6;4;1
478;208;437;215;2627;2941;41;7;5;1
478;208;437;215;2627;2941;41;7;5;1
478;208;437;215;2627;2941;41;7;5;1
478;208;437;215;2627;2941;41;7;5;1
478;208;437;215;2627;2941;41;7;5;1
478;208;437;215;2627;2941;41;7;5;1
478;208;437;215;2627;2941;41;7;5;1
478;208;437;215;2627;2941;41;7;5;1
478;208;437;215;2627;2941;41;7;5;1
478;208;437;215;2627;2941;41;7;5;1
478;208;437;215;2627;2941;41;7;5;1
478;208;437;215;2627;2941;41;7;5;1
478;208;437;215;2627;2941;41;7;5;1
478;208;437;215;2627;2941;41;7;5;1
478;208;437;215;2627;2941;41;7;5;1
478;208;437;215;2627;2941;41;7;5;1
478;208;437;215;2627;2941;41;7;5;1
478;208;437;215;2627;2941;41;7;5;1
478;208;437;215;2627;2941;41;7;5;1
478;208;437;215;2627;2941;41;7;5;1
478;208;437;215;2627;2941;41;7;5;1
478;208;437;215;2627;2941;41;7;5;1
478;208;437;215;2627;2941;41;7;5;1
478;208;437;215;2627;2941;41;7;5;1
478;208;437;215;2627;2941;41;7;5;1
478;208;437;209;2627;2947;41;1;5;0
478;208;437;209;2627;2947;41;1;5;0
478;208;437;209;2627;2947;41;1;5;0
478;208;437;209;2627;2947;41;1;5;0
478;208;437;209;2627;2947;41;1;5;0
478;208;437;209;2627;2947;41;1;5;0
478;208;437;209;2627;2947;41;1;5;0
478;208;437;209;2627;2947;41;1;5;0
478;208;437;209;2627;2947;41;1;5;0
478;208;437;209;2627;2947;41;1;5;0
478;208;437;209;2627;2947;41;1;5;0
478;208;437;209;2627;2947;41;1;5;0
478;208;437;209;2627;2947;41;1;5;0
478;208;437;209;2627;2947;41;1;5;0
478;208;437;209;2627;2947;41;1;5;0
478;208;442;209;2627;2952;36;1;4;0
478;208;442;209;2627;2952;36;1;4;0
478;208;442;209;2627;2952;36;1;4;0
478;208;442;209;2627;2952;36;1;4;0
478;208;442;209;2627;2952;36;1;4;0
478;208;442;209;2627;2952;36;1;4;0
478;208;442;209;2627;2952;36;1;4;0
478;208;442;209;2627;2952;36;1;4;0
478;208;442;209;2627;2952;36;1;4;0
478;208;442;209;2627;2952;36;1;4;0
478;208;442;209;2627;2952;36;1;4;0
478;208;442;209;2627;2952;36;1;4;0
478;208;442;209;2627;2952;36;1;4;0
478;208;442;209;2627;2952;36;1;4;0
478;208;442;209;2627;2952;36;1;4;0
478;208;442;209;2627;2952;36;1;4;0
478;208;442;209;2627;2952;36;1;4;0
478;208;442;209;2627;2952;36;1;4;0
478;208;442;209;2627;2952;36;1;4;0
478;208;442;209;2627;2952;36;1;4;0
478;208;442;209;2627;2952;36;1;4;0
478;208;442;209;2627;2952;36;1;4;0
478;208;442;209;2627;2952;36;1;4;0
478;208;442;209;2627;2952;36;1;4;0
478;208;442;209;2627;2952;36;1;4;0
478;208;442;209;2627;2952;36;1;4;0
478;208;442;209;2627;2952;36;1;4;0
478;208;442;209;2627;2952;36;1;4;0
478;208;442;209;2627;2952;36;1;4;0
478;208;442;209;2627;2952;36;1;4;0
478;208;442;207;2627;2954;36;1;4;0
478;208;442;207;2627;2954;36;1;4;0
478;208;442;207;2627;2954;36;1;4;0
478;208;442;207;2627;2954;36;1;4;0
478;208;442;207;2627;2954;36;1;4;0
478;208;442;207;2627;2954;36;1;4;0
478;208;442;207;2627;2954;36;1;4;0
478;208;442;207;2627;2954;36;1;4;0
478;208;442;207;2627;2954;36;1;4;0
478;208;442;207;2627;2954;36;1;4;0
478;208;442;207;2627;2954;36;1;4;0
478;208;442;207;2627;2954;36;1;4;0
478;208;442;207;2627;2954;36;1;4;0
478;208;442;207;2627;2954;36;1;4;0
478;208;442;207;2627;2954;36;1;4;0
478;208;442;207;2627;2954;36;1;4;0
478;208;442;207;2627;2954;36;1;4;0
478;208;442;207;2627;2954;36;1;4;0
478;208;442;207;2627;2954;36;1;4;0
478;208;442;207;2627;2954;36;1;4;0
478;208;442;207;2627;2954;36;1;4;0
478;208;442;207;2627;2954;36;1;4;0
478;208;442;207;2627;2954;36;1;4;0
478;208;442;207;2627;2954;36;1;4;0
478;208;442;207;2627;2954;36;1;4;0
478;208;442;207;2627;2954;36;1;4;0
478;208;442;207;2627;2954;36;1;4;0
478;208;442;207;2627;2954;36;1;4;0
478;208;442;207;2627;2954;36;1;4;0
478;208;442;207;2627;2954;36;1;4;0
478;208;437;207;2627;2959;41;1;5;0
478;208;437;207;2627;2959;41;1;5;0
478;208;437;207;2627;2959;41;1;5;0
478;208;437;207;2627;2959;41;1;5;0
478;208;437;207;2627;2959;41;1;5;0
478;208;437;207;2627;2959;41;1;5;0
478;208;437;207;2627;2959;41;1;5;0
478;208;437;207;2627;2959;41;1;5;0
478;208;437;207;2627;2959;41;1;5;0
478;208;437;207;2627;2959;41;1;5;0
478;208;437;207;2627;2959;41;1;5;0
478;208;437;207;2627;2959;41;1;5;0
478;208;437;207;2627;2959;41;1;5;0
478;208;437;207;2627;2959;41;1;5;0
478;208;437;207;2627;2959;41;1;5;0
478;208;437;207;2627;2959;41;1;5;0
478;208;437;207;2627;2959;41;1;5;0
478;208;437;207;2627;2959;41;1;5;0
478;208;437;207;2627;2959;41;1;5;0
478;208;437;207;2627;2959;41;1;5;0
478;208;437;207;2627;2959;41;1;5;0
478;208;437;207;2627;2959;41;1;5;0
478;208;437;207;2627;2959;41;1;5;0
478;208;437;207;2627;2959;41;1;5;0
478;208;437;207;2627;2959;41;1;5;0
478;208;437;207;2627;2959;41;1;5;0
478;208;437;207;2627;2959;41;1;5;0
478;208;437;207;2627;2959;41;1;5;0
478;208;437;207;2627;2959;41;1;5;0
478;208;437;207;2627;2959;41;1;5;0
478;208;437;207;2627;2959;41;1;5;0
478;208;437;207;2627;2959;41;1;5;0
478;208;437;207;2627;2959;41;1;5;0
478;208;437;207;2627;2959;41;1;5;0
478;208;437;207;2627;2959;41;1;5;0
478;208;437;207;2627;2959;41;1;5;0
478;208;437;207;2627;2959;41;1;5;0
478;208;437;207;2627;2959;41;1;5;0
478;208;437;207;2627;2959;41;1;5;0
478;208;437;207;2627;2959;41;1;5;0
478;208;437;207;2627;2959;41;1;5;0
478;208;437;207;2627;2959;41;1;5;0
478;208;437;207;2627;2959;41;1;5;0
478;208;437;207;2627;2959;41;1;5;0
478;208;437;207;2627;2959;41;1;5;0
478;208;437;215;2627;2967;41;7;5;1
478;208;437;215;2627;2967;41;7;5;1
478;208;437;215;2627;2967;41;7;5;1
478;208;437;215;2627;2967;41;7;5;1
478;208;437;215;2627;2967;41;7;5;1
478;208;437;215;2627;2967;41;7;5;1
478;208;437;215;2627;2967;41;7;5;1
478;208;437;215;2627;2967;41;7;5;1
478;208;437;215;2627;2967;41;7;5;1
478;208;437;215;2627;2967;41;7;5;1
478;208;437;215;2627;2967;41;7;5;1
478;208;437;215;2627;2967;41;7;5;1
478;208;437;215;2627;2967;41;7;5;1
478;208;437;215;2627;2967;41;7;5;1
478;208;437;215;2627;2967;41;7;5;1
478;208;437;215;2627;2967;41;7;5;1
478;208;437;215;2627;2967;41;7;5;1
478;208;437;215;2627;2967;41;7;5;1
478;208;437;215;2627;2967;41;7;5;1
478;208;437;215;2627;2967;41;7;5;1
478;208;437;215;2627;2967;41;7;5;1
478;208;437;215;2627;2967;41;7;5;1
478;208;437;215;2627;2967;41;7;5;1
478;208;437;215;2627;2967;41;7;5;1
478;208;437;215;2627;2967;41;7;5;1
478;208;434;221;2627;2974;44;13;5;2
478;208;434;221;2627;2974;44;13;5;2
478;208;434;221;2627;2974;44;13;5;2
478;208;434;221;2627;2974;44;13;5;2
478;208;434;221;2627;2974;44;13;5;2
478;208;434;221;2627;2974;44;13;5;2
478;208;434;221;2627;2974;44;13;5;2
478;208;434;221;2627;2974;44;13;5;2
478;208;434;221;2627;2974;44;13;5;2
478;208;434;221;2627;2974;44;13;5;2
478;208;434;221;2627;2974;44;13;5;2
478;208;434;221;2627;2974;44;13;5;2
478;208;434;221;2627;2974;44;13;5;2
478;208;434;221;2627;2974;44;13;5;2
462;209;434;221;2643;2974;28;12;3;2
462;209;434;221;2643;2974;28;12;3;2
462;209;434;221;2643;2974;28;12;3;2
462;209;434;221;2643;2974;28;12;3;2
462;209;434;221;2643;2974;28;12;3;2
462;209;434;221;2643;2974;28;12;3;2
462;209;434;240;2643;2993;28;31;3;5
462;209;434;240;2643;2993;28;31;3;5
462;209;434;240;2643;2993;28;31;3;5
462;209;434;240;2643;2993;28;31;3;5
462;209;434;240;2643;2993;28;31;3;5
462;209;434;240;2643;2993;28;31;3;5
462;209;434;240;2643;2993;28;31;3;5
462;209;434;240;2643;2993;28;31;3;5
462;209;434;240;2643;2993;28;31;3;5
462;209;434;240;2643;2993;28;31;3;5
462;209;452;225;2643;3016;10;16;1;2
462;209;452;225;2643;3016;10;16;1;2
462;209;452;225;2643;3016;10;16;1;2
462;209;452;225;2643;3016;10;16;1;2
462;209;452;225;2643;3016;10;16;1;2
462;209;452;225;2643;3016;10;16;1;2
462;209;452;225;2643;3016;10;16;1;2
462;209;452;225;2643;3016;10;16;1;2
462;209;452;225;2643;3016;10;16;1;2
462;209;452;225;2643;3016;10;16;1;2
462;209;452;225;2643;3016;10;16;1;2
462;209;452;225;2643;3016;10;16;1;2
462;209;452;225;2643;3016;10;16;1;2
462;209;452;225;2643;3016;10;16;1;2
462;209;452;225;2643;3016;10;16;1;2
462;209;442;232;2643;3028;20;23;2;3
462;209;442;232;2643;3028;20;23;2;3
462;209;442;232;2643;3028;20;23;2;3
462;209;442;232;2643;3028;20;23;2;3
481;201;442;232;2664;3028;39;31;5;5
481;201;463;204;2664;3063;18;3;2;0
481;201;463;204;2664;3063;18;3;2;0
481;201;463;204;2664;3063;18;3;2;0
481;201;463;204;2664;3063;18;3;2;0
501;200;463;204;2684;3063;38;4;4;0
501;200;463;204;2684;3063;38;4;4;0
501;200;463;204;2684;3063;38;4;4;0
501;200;463;204;2684;3063;38;4;4;0
501;200;463;204;2684;3063;38;4;4;0
501;200;463;204;2684;3063;38;4;4;0
501;200;463;196;2684;3071;38;4;4;0
501;200;463;196;2684;3071;38;4;4;0
501;200;463;196;2684;3071;38;4;4;0
501;200;463;196;2684;3071;38;4;4;0
501;200;463;196;2684;3071;38;4;4;0
501;200;463;189;2684;3078;38;11;4;1
501;200;463;189;2684;3078;38;11;4;1
501;200;463;189;2684;3078;38;11;4;1
501;200;463;189;2684;3078;38;11;4;1
488;192;463;189;2699;3078;25;3;3;0
488;192;463;189;2699;3078;25;3;3;0
488;192;463;189;2699;3078;25;3;3;0
488;192;463;189;2699;3078;25;3;3;0
488;192;463;189;2699;3078;25;3;3;0
488;192;463;189;2699;3078;25;3;3;0
488;192;463;189;2699;3078;25;3;3;0
488;192;463;189;2699;3078;25;3;3;0
488;192;463;189;2699;3078;25;3;3;0
488;192;463;189;2699;3078;25;3;3;0
488;192;463;189;2699;3078;25;3;3;0
488;192;463;189;2699;3078;25;3;3;0
488;192;463;189;2699;3078;25;3;3;0
488;192;463;189;2699;3078;25;3;3;0
488;192;463;189;2699;3078;25;3;3;0
488;192;463;189;2699;3078;25;3;3;0
488;192;467;189;2699;3082;21;3;2;0
488;192;467;189;2699;3082;21;3;2;0
488;192;467;189;2699;3082;21;3;2;0
488;192;467;189;2699;3082;21;3;2;0
488;192;467;189;2699;3082;21;3;2;0
488;192;467;189;2699;3082;21;3;2;0
488;192;467;189;2699;3082;21;3;2;0
488;192;467;189;2699;3082;21;3;2;0
488;192;467;189;2699;3082;21;3;2;0
488;192;467;189;2699;3082;21;3;2;0
488;192;464;189;2699;3085;24;3;3;0
488;192;464;189;2699;3085;24;3;3;0
488;192;464;189;2699;3085;24;3;3;0
488;192;464;189;2699;3085;24;3;3;0
488;192;464;189;2699;3085;24;3;3;0
488;192;464;189;2699;3085;24;3;3;0
488;192;464;189;2699;3085;24;3;3;0
488;192;464;189;2699;3085;24;3;3;0
488;192;464;189;2699;3085;24;3;3;0
488;192;464;189;2699;3085;24;3;3;0
488;192;464;189;2699;3085;24;3;3;0
488;192;464;189;2699;3085;24;3;3;0
488;192;464;189;2699;3085;24;3;3;0
488;192;464;189;2699;3085;24;3;3;0
488;192;464;189;2699;3085;24;3;3;0
488;192;474;189;2699;3095;14;3;1;0
488;192;474;189;2699;3095;14;3;1;0
488;192;474;189;2699;3095;14;3;1;0
488;192;474;189;2699;3095;14;3;1;0
488;192;474;189;2699;3095;14;3;1;0
488;192;474;189;2699;3095;14;3;1;0
488;192;474;189;2699;3095;14;3;1;0
488;192;474;189;2699;3095;14;3;1;0
488;192;474;189;2699;3095;14;3;1;0
488;192;474;189;2699;3095;14;3;1;0
488;192;474;189;2699;3095;14;3;1;0
488;192;474;189;2699;3095;14;3;1;0
488;192;474;189;2699;3095;14;3;1;0
488;192;474;189;2699;3095;14;3;1;0
488;192;474;189;2699;3095;14;3;1;0
488;192;470;189;2699;3099;18;3;2;0
488;192;470;189;2699;3099;18;3;2;0
488;192;470;189;2699;3099;18;3;2;0
488;192;470;189;2699;3099;18;3;2;0
